design_id,min_ch_mm,mean_ch_mm,median_ch_mm,p10_ch_mm,p25_ch_mm,p75_ch_mm,p90_ch_mm,max_ch_mm,std_ch_mm,n_runs,porosity,solid_fraction,passes_1p5mm
design_001,1.4844,4.1678,2.5781,1.7969,2.0703,5.7031,9.0313,15.0,3.3019,1128,0.8162,0.1838,False
design_002,1.6406,4.8056,3.8867,2.0312,2.9688,5.0781,7.3438,15.0,3.2589,896,0.7475,0.2525,True
design_003,1.4844,4.6382,3.7891,1.9141,2.3438,5.625,10.0156,15.0,3.1047,1015,0.8173,0.1827,False
design_004,2.1484,3.6249,2.832,2.4219,2.5781,3.75,5.6172,15.0,1.9232,1122,0.7061,0.2939,True
design_005,0.7812,3.6254,2.6172,1.1719,1.6406,5.2344,6.5625,15.0,2.9333,1341,0.844,0.156,False
design_006,0.9766,5.0157,5.1172,1.7188,1.9531,5.8789,14.4531,15.0,3.9448,967,0.842,0.158,False
design_007,0.8984,3.6984,3.0859,1.6406,2.1875,4.2773,5.9375,15.0,2.676,1303,0.8366,0.1634,False
design_008,1.875,5.8705,4.9219,2.5,3.8281,6.3672,10.3125,15.0,3.2601,694,0.7073,0.2927,True
design_009,1.9141,3.6803,2.7344,2.0703,2.2266,4.4531,5.2344,15.0,2.5834,1122,0.7169,0.2831,True
design_010,1.6406,4.5823,3.8281,2.1797,2.6562,5.3906,6.0547,15.0,3.1726,1029,0.8186,0.1814,True
design_011,2.1094,6.9535,4.9023,2.6562,3.4375,12.2656,15.0,15.0,4.6824,664,0.8016,0.1984,True
design_012,0.7031,4.1431,3.75,1.9492,2.6172,5.3125,7.1094,15.0,2.1844,1180,0.8488,0.1512,False
design_013,2.3828,6.8982,4.2188,2.9297,3.5156,7.0703,15.0,15.0,4.6763,606,0.7257,0.2743,True
design_014,2.2656,5.8803,4.8047,2.5781,2.9297,6.0547,15.0,15.0,4.0782,767,0.783,0.217,True
design_015,1.9531,9.1008,10.9375,3.5195,4.2188,15.0,15.0,15.0,4.7329,482,0.7616,0.2384,True
design_016,2.4219,7.3412,5.2344,3.5586,4.2578,11.6406,15.0,15.0,4.5357,622,0.7928,0.2072,True
design_017,0.3906,3.5463,2.6953,1.1328,2.1484,3.5938,6.4844,15.0,3.1248,1377,0.8478,0.1522,False
design_018,1.0547,4.335,3.5547,1.875,2.4609,4.8047,6.0664,15.0,3.2946,1118,0.8414,0.1586,False
design_019,0.9375,6.2478,5.7812,2.0312,3.2031,7.0703,15.0,15.0,4.194,776,0.8417,0.1583,False
design_020,1.7969,5.6893,3.9062,1.9922,2.4609,5.8203,15.0,15.0,4.5783,771,0.7615,0.2385,True
design_021,0.7422,4.0437,3.3203,1.1328,2.0703,4.7266,6.4453,15.0,3.2898,1191,0.8361,0.1639,False
design_022,1.875,5.0262,3.8281,2.8125,3.4082,4.9512,6.9766,15.0,3.262,938,0.8185,0.1815,True
design_023,2.1875,5.0222,4.4141,2.6562,3.0469,5.1953,6.2891,15.0,3.2073,921,0.803,0.197,True
design_024,1.7969,5.6676,5.4688,1.9531,2.6562,6.0645,14.0625,15.0,3.7291,776,0.7635,0.2365,True
design_025,1.5625,4.3009,3.0078,2.0312,2.4121,5.0781,7.4219,15.0,3.053,1092,0.8154,0.1846,True
design_026,0.7812,4.3975,2.9297,1.1719,2.0312,5.5078,15.0,15.0,3.96,1089,0.8314,0.1686,False
design_027,0.8594,3.6441,2.6172,1.0938,1.6797,5.166,6.2188,15.0,3.0295,1330,0.8414,0.1586,False
design_028,2.1094,6.3184,6.0547,2.8125,3.3984,6.7188,15.0,15.0,3.7794,713,0.7821,0.2179,True
design_029,1.875,6.9691,5.0,3.3984,4.1406,6.9531,15.0,15.0,4.4489,665,0.8046,0.1954,True
design_030,1.3281,4.5053,4.0625,1.7969,2.6953,4.5312,6.7578,15.0,2.96,1021,0.7986,0.2014,False
design_031,1.25,5.4237,4.375,2.4219,3.2812,6.4844,6.7578,15.0,3.4115,891,0.839,0.161,False
design_032,0.1562,3.1063,2.5,0.8594,1.4453,3.75,5.2734,15.0,2.6589,1576,0.8499,0.1501,False
design_033,0.7422,3.2016,2.6172,1.4062,1.7188,4.1699,5.8203,15.0,2.0592,1510,0.8393,0.1607,False
design_034,2.5,4.9513,4.6875,3.2031,4.375,4.9609,5.5039,15.0,2.2354,952,0.8183,0.1817,True
design_035,0.625,4.1492,4.2969,1.6797,2.3438,4.8438,6.1328,15.0,2.4563,1170,0.8428,0.1572,False
design_036,1.4844,4.1387,3.0273,1.9023,2.3438,3.6719,7.1094,15.0,3.3766,1138,0.8177,0.1823,False
design_037,1.9531,4.6558,4.1406,2.1875,2.6562,5.4297,6.8359,15.0,2.9425,977,0.7897,0.2103,True
design_038,0.625,3.9998,2.7734,1.25,1.5625,4.5703,7.2656,15.0,3.6015,1216,0.8444,0.1556,False
design_039,1.4844,6.5385,4.5312,2.0234,2.6172,7.3047,15.0,15.0,5.0143,699,0.7935,0.2065,False
design_040,1.9141,4.3763,3.0078,2.0703,2.5,5.4688,8.1562,15.0,3.3978,967,0.7347,0.2653,True
design_041,1.3672,4.8908,3.75,2.7734,3.0469,5.0781,7.1953,15.0,3.2767,980,0.8321,0.1679,False
design_042,3.2812,8.067,7.0508,3.7852,5.0781,10.5273,15.0,15.0,4.1832,520,0.7283,0.2717,True
design_043,0.3516,4.376,3.7891,0.7031,1.3672,6.875,7.2656,15.0,3.7227,1117,0.8486,0.1514,False
design_044,1.9922,5.7886,4.2188,2.4609,2.9688,6.7969,15.0,15.0,3.7853,753,0.7567,0.2433,True
design_045,1.25,4.7568,2.8906,1.4453,1.9531,6.4062,11.1719,15.0,4.0618,1015,0.8382,0.1618,False
design_046,1.8359,4.779,3.6719,2.3438,2.9199,5.625,5.8633,15.0,3.2044,960,0.7965,0.2035,True
design_047,1.6406,5.5281,4.5312,2.2656,3.2031,6.6406,11.9531,15.0,3.4312,851,0.8167,0.1833,True
design_048,0.9375,4.61,3.7109,1.9531,2.7344,4.7266,6.7969,15.0,3.44,1051,0.8412,0.1588,False
design_049,1.5234,5.6635,4.2578,2.5391,3.4766,6.4062,11.4844,15.0,3.5979,825,0.8112,0.1888,True
design_050,0.2344,3.855,3.0859,0.4688,1.7969,6.1719,6.7578,15.0,3.2792,1268,0.8486,0.1514,False
design_051,1.7188,6.3465,5.8594,3.6719,4.9121,6.2109,15.0,15.0,3.2005,748,0.8242,0.1758,True
design_052,1.5625,4.7583,3.8281,2.1562,2.5391,5.8203,6.25,15.0,3.0954,953,0.7873,0.2127,True
design_053,1.9531,4.7415,4.6484,2.9688,3.5156,5.3906,6.3672,15.0,1.8431,996,0.8199,0.1801,True
design_054,2.0312,5.3675,4.7656,2.7344,3.7109,6.0547,6.7578,15.0,2.9248,890,0.8294,0.1706,True
design_055,1.6016,4.8308,4.0625,2.2266,3.0859,6.6406,6.9805,15.0,2.6125,954,0.8001,0.1999,True
design_056,1.4453,6.2104,6.2109,1.9063,3.6328,6.3281,15.0,15.0,3.7615,779,0.8399,0.1601,False
design_057,0.8203,5.2027,3.1641,1.1328,1.3281,6.4453,15.0,15.0,4.5198,932,0.8418,0.1582,False
design_058,0.9375,4.5365,3.0859,1.8359,2.2656,5.2734,12.5938,15.0,3.7864,1065,0.8388,0.1612,False
design_059,2.0703,5.7933,5.1758,2.5391,3.5547,6.7578,11.0938,15.0,3.4655,806,0.8107,0.1893,True
design_060,2.2266,6.2495,6.3281,2.5391,3.1641,6.4453,15.0,15.0,3.6822,734,0.7964,0.2036,True
design_061,1.2109,3.6315,2.9688,1.6406,1.9141,5.5469,6.4844,15.0,2.238,1317,0.8303,0.1697,False
design_062,1.4062,4.3059,2.9297,1.7578,2.3242,4.9609,7.4219,15.0,3.5349,1071,0.8006,0.1994,False
design_063,0.8203,4.4704,4.1602,1.5625,2.7344,5.4297,5.8594,15.0,3.0139,1090,0.846,0.154,False
design_064,2.0703,6.2779,5.1172,2.8906,3.2812,6.875,15.0,15.0,3.9228,712,0.776,0.224,True
design_065,1.7578,5.8623,6.3672,2.5781,3.0859,6.9141,6.9922,15.0,3.2096,806,0.8203,0.1797,True
design_066,2.6562,6.2185,6.2109,3.2812,5.5469,6.4062,6.6406,15.0,2.6179,729,0.787,0.213,True
design_067,0.8594,4.5972,3.5938,1.4453,2.2266,4.9609,7.207,15.0,3.5925,1046,0.8348,0.1652,False
design_068,1.1328,4.4314,4.1406,2.2266,2.6953,5.4688,6.4062,15.0,2.4873,1081,0.8317,0.1683,False
design_069,1.5625,5.8318,5.5078,3.3359,3.9062,6.4062,6.7188,15.0,2.9709,818,0.8282,0.1718,True
design_070,1.875,5.3169,5.0391,2.8125,4.3359,5.625,5.8594,15.0,2.8221,882,0.8142,0.1858,True
design_071,1.25,4.722,4.4141,1.8359,2.5781,5.1562,6.3672,15.0,3.125,1025,0.8403,0.1597,False
design_072,0.8594,3.5957,2.8125,1.3281,1.9531,4.375,6.1328,15.0,2.7122,1341,0.8371,0.1629,False
design_073,1.9141,4.7193,3.7891,2.1094,2.5977,6.1719,6.6797,15.0,3.0161,859,0.7038,0.2962,True
design_074,1.7969,4.3362,3.3594,2.3047,2.6953,5.8984,6.7188,15.0,2.371,1079,0.8123,0.1877,True
design_075,0.8203,4.4636,3.5156,1.1719,1.9531,4.5703,7.3203,15.0,3.8172,1089,0.8439,0.1561,False
design_076,2.1875,4.388,3.5156,2.4219,3.0078,6.2793,6.7188,15.0,2.0222,950,0.7237,0.2763,True
design_077,2.0703,6.1265,4.4141,2.6562,3.3203,6.4062,15.0,15.0,3.9187,675,0.7179,0.2821,True
design_078,1.4453,3.7662,2.6953,1.7969,2.3438,4.7266,6.5625,15.0,2.637,1235,0.8075,0.1925,False
design_079,1.4453,5.4499,5.8594,2.0703,3.9844,6.4062,6.6797,15.0,2.6665,865,0.8184,0.1816,False
design_080,1.7188,4.5434,3.6719,1.875,2.5,5.4297,5.7422,15.0,3.0955,1007,0.7943,0.2057,True
design_081,0.8594,3.7444,2.9297,1.4062,2.2266,3.4766,6.875,15.0,3.2014,1289,0.8379,0.1621,False
design_082,1.4062,6.1197,5.7422,3.4375,3.7109,5.9766,15.0,15.0,3.369,795,0.8446,0.1554,False
design_083,0.2734,3.4723,2.9297,1.0938,2.0703,4.5703,5.3516,15.0,2.5754,1410,0.85,0.15,False
design_084,1.875,4.8278,3.5156,2.1094,2.8516,4.5312,14.2344,15.0,3.6935,1009,0.8457,0.1543,True
design_085,0.4297,3.8099,2.9688,1.0938,1.748,5.0781,6.3672,15.0,3.206,1280,0.8467,0.1533,False
design_086,2.2656,6.2376,5.625,3.5938,4.0625,7.0703,7.1484,15.0,3.1667,758,0.8209,0.1791,True
design_087,1.1719,4.9138,4.2578,2.0312,2.8906,6.1328,6.6406,15.0,3.0288,940,0.8019,0.1981,False
design_088,1.25,3.967,3.4375,1.7578,2.2656,4.7266,5.625,15.0,2.8159,1211,0.834,0.166,False
design_089,0.9766,3.5795,2.4609,1.25,1.7188,3.6816,6.6406,15.0,3.0859,1336,0.8302,0.1698,False
design_090,1.2109,6.6966,5.1172,2.1992,4.209,7.0703,14.7422,15.0,4.0691,724,0.8417,0.1583,False
design_091,2.2266,6.3992,5.9766,3.2812,4.5312,6.2891,15.0,15.0,3.4293,673,0.7477,0.2523,True
design_092,0.0391,3.7924,3.2422,0.4688,1.1719,5.4297,7.1094,15.0,3.4492,1291,0.85,0.15,False
design_093,2.1484,4.1402,3.125,2.3047,2.5391,3.9062,6.1328,15.0,3.0122,981,0.7051,0.2949,True
design_094,1.5625,4.9144,4.5703,2.4219,3.7793,5.1562,6.5234,15.0,2.3474,884,0.7542,0.2458,True
design_095,0.625,5.0267,3.8086,1.0156,1.9922,5.9375,15.0,15.0,4.4067,972,0.8483,0.1517,False
design_096,0.7031,5.0344,5.3516,1.25,1.9141,6.2109,6.5234,15.0,3.7685,966,0.8443,0.1557,False
design_097,2.4219,6.6967,6.2891,2.6953,4.7266,6.3672,15.0,15.0,3.7447,679,0.7894,0.2106,True
design_098,0.7812,5.5153,5.1953,2.1094,3.2812,6.4844,7.0664,15.0,3.4991,872,0.835,0.165,False
design_099,0.7031,3.7044,2.6953,1.3281,1.6016,4.8047,6.7188,15.0,3.094,1315,0.8457,0.1543,False
design_100,2.0312,5.7274,5.1562,2.3047,3.6719,6.4453,15.0,15.0,3.5238,788,0.7835,0.2165,True
design_101,1.5625,5.3414,4.0234,2.2656,2.9688,5.5469,15.0,15.0,3.8269,851,0.7892,0.2108,True
design_102,0.8203,4.5179,4.9219,1.7188,2.8516,6.4844,6.6016,15.0,2.3608,1051,0.8244,0.1756,False
design_103,1.4844,5.933,5.0195,2.0312,2.5781,6.2891,15.0,15.0,4.3591,798,0.822,0.178,False
design_104,0.7422,3.8479,2.1094,1.25,1.3672,5.3906,8.75,15.0,3.5381,1262,0.8431,0.1569,False
design_105,2.0312,6.4419,6.0938,2.6953,2.8125,6.2891,15.0,15.0,3.947,724,0.8097,0.1903,True
design_106,1.9922,5.0893,4.6875,2.3828,3.2422,5.4688,5.7422,15.0,3.145,897,0.7925,0.2075,True
design_107,1.7188,4.9988,5.1953,2.3438,3.8672,5.8594,6.4062,15.0,2.2758,937,0.8132,0.1868,True
design_108,1.6797,6.0386,4.0625,2.3047,2.8125,6.6309,14.4531,15.0,4.5174,794,0.8324,0.1676,True
design_109,2.4219,6.521,5.3906,3.125,3.9453,6.9141,15.0,15.0,3.7031,672,0.7608,0.2392,True
design_110,1.3672,4.1943,3.75,1.9531,2.5391,5.6641,7.0156,15.0,2.2299,1115,0.8119,0.1881,False
design_111,0.6641,5.0083,5.4688,1.6406,2.1875,6.6016,6.7188,15.0,3.0894,972,0.8451,0.1549,False
design_112,1.6406,5.7074,3.4766,2.0703,2.6172,7.3047,15.0,15.0,4.7062,782,0.7749,0.2251,True
design_113,2.6172,6.911,5.0,2.9688,4.2188,9.2969,15.0,15.0,4.2128,579,0.6947,0.3053,True
design_114,0.7422,3.5201,2.5391,1.0156,1.2402,4.375,6.3281,15.0,3.3241,1348,0.8238,0.1762,False
design_115,1.1328,5.713,6.25,1.6016,2.1094,7.1484,7.3828,15.0,3.7855,833,0.8262,0.1738,False
design_116,1.6406,5.6895,6.6406,2.75,3.4961,6.9531,6.9922,15.0,2.3591,815,0.805,0.195,True
design_117,1.3281,6.43,6.4453,2.2656,4.9805,7.1094,7.3984,15.0,3.2685,727,0.8116,0.1884,False
design_118,0.7812,5.1461,3.4375,1.1719,2.2656,5.6055,15.0,15.0,4.5119,934,0.8345,0.1655,False
design_119,2.0312,5.0551,4.7266,2.7344,3.6035,5.4688,6.0664,15.0,2.6649,918,0.8057,0.1943,True
design_120,2.7734,6.6962,6.5625,4.2188,5.0781,7.2266,7.3047,15.0,2.8729,602,0.6998,0.3002,True
design_121,1.4844,4.2771,3.5547,2.2266,2.7344,5.1953,6.2109,15.0,2.7128,1093,0.8116,0.1884,False
design_122,0.8203,4.6363,3.125,1.2891,1.5625,5.5078,15.0,15.0,4.3257,1042,0.8387,0.1613,False
design_123,0.4297,4.3506,2.9688,0.9375,1.6406,5.8984,8.6641,15.0,3.7013,1122,0.8475,0.1525,False
design_124,1.5234,5.3582,4.2969,2.1094,3.2812,5.1172,12.5781,15.0,3.5374,859,0.7991,0.2009,True
design_125,2.0312,5.0951,3.9062,2.2656,2.9297,5.7812,7.0312,15.0,3.2642,879,0.7775,0.2225,True
design_126,1.6406,5.738,4.6094,2.1094,3.2812,7.0312,15.0,15.0,3.6879,806,0.8029,0.1971,True
design_127,1.3672,3.5547,3.0859,1.7578,2.5391,4.2969,5.2344,15.0,2.0254,1305,0.8054,0.1946,False
design_128,1.0156,4.1971,3.2031,1.9141,2.3438,6.5234,6.9531,7.7344,2.1428,1139,0.83,0.17,False
design_129,0.7031,4.9331,4.8438,2.0703,2.9688,5.6641,6.5078,15.0,3.1155,985,0.8436,0.1564,False
design_130,1.875,6.3426,6.1719,2.3047,3.5547,6.3672,15.0,15.0,3.8484,708,0.7796,0.2204,True
design_131,1.9141,4.9908,4.6094,2.6172,2.998,5.4297,6.1328,15.0,3.1151,948,0.8214,0.1786,True
design_132,0.4688,3.7743,3.125,1.1719,2.3438,4.5898,6.2109,15.0,2.8921,1295,0.8486,0.1514,False
design_133,2.3047,6.3049,4.7656,2.5781,3.7891,6.2695,15.0,15.0,4.284,695,0.7607,0.2393,True
design_134,1.7188,4.7737,3.6719,2.3281,2.8125,5.9375,6.4453,15.0,3.0488,957,0.7931,0.2069,True
design_135,2.2656,5.4842,4.4922,2.5781,3.2812,6.7188,15.0,15.0,3.484,841,0.8007,0.1993,True
design_136,0.5469,4.5022,3.5156,2.5,3.0078,5.2734,6.875,15.0,2.8603,1084,0.8473,0.1527,False
design_137,0.5469,6.1356,2.8906,1.3281,1.6309,15.0,15.0,15.0,5.7126,796,0.8479,0.1521,False
design_138,1.2891,6.3702,6.4844,2.1641,4.7852,6.5625,15.0,15.0,3.4912,755,0.835,0.165,False
design_139,1.6797,4.8751,3.9062,2.1875,2.5781,5.5469,6.5625,15.0,3.5984,931,0.788,0.212,True
design_140,2.5,7.0772,4.5312,2.8516,4.0625,10.1562,15.0,15.0,4.513,568,0.6979,0.3021,True
design_141,1.8359,7.0097,4.8047,2.1875,3.7891,9.6094,15.0,15.0,4.6331,661,0.8044,0.1956,True
design_142,1.2109,6.0103,6.2891,1.6406,3.0469,6.7578,15.0,15.0,3.8342,793,0.8275,0.1725,False
design_143,0.7422,4.2929,2.6172,1.0547,1.9531,4.8828,13.5,15.0,4.0497,1129,0.8414,0.1586,False
design_144,2.1094,7.1559,3.3984,2.6719,2.9297,15.0,15.0,15.0,5.2662,623,0.774,0.226,True
design_145,0.7812,3.7964,2.7344,1.25,1.6016,6.0547,6.6797,15.0,2.9695,1283,0.8456,0.1544,False
design_146,2.3438,5.28,3.6328,2.5391,3.0469,6.5625,9.0625,15.0,3.5438,791,0.7251,0.2749,True
design_147,1.2109,4.6431,3.5938,1.7578,2.3828,5.625,6.3672,15.0,3.4483,1030,0.8303,0.1697,False
design_148,2.3047,4.5138,3.3984,2.6172,2.9688,4.7266,8.2812,15.0,2.8713,938,0.7351,0.2649,True
design_149,1.7578,5.5459,5.5859,2.625,4.0625,5.9766,7.3828,15.0,2.6868,803,0.7732,0.2268,True
design_150,1.3281,3.7617,2.8125,1.7969,2.1094,3.9453,6.9531,15.0,3.0037,1273,0.8314,0.1686,False
design_151,1.0547,5.5326,4.0234,1.5234,1.9922,6.875,15.0,15.0,4.4198,853,0.8193,0.1807,False
design_152,1.1719,3.6063,2.8125,1.7578,2.2266,4.5312,5.7812,15.0,2.479,1325,0.8296,0.1704,False
design_153,1.6797,4.7879,3.6133,2.3828,2.7344,6.6016,7.3438,15.0,2.8285,942,0.783,0.217,True
design_154,1.4062,4.1308,3.125,1.7578,2.2656,5.7422,6.6406,15.0,2.6222,1109,0.7953,0.2047,False
design_155,1.0156,3.6293,2.5391,1.4844,1.9141,3.9844,6.6406,15.0,2.8908,1328,0.8368,0.1632,False
design_156,1.3281,10.8608,12.5,4.4141,8.75,14.8438,15.0,15.0,4.3638,446,0.841,0.159,False
design_157,1.4062,4.1172,3.3594,1.5234,2.3438,4.4922,7.0703,15.0,3.0969,1113,0.7956,0.2044,False
design_158,0.0781,4.5459,4.1406,1.4062,2.7734,5.0391,6.6719,15.0,3.1306,1077,0.85,0.15,False
design_159,1.6406,5.5578,4.7266,2.1875,2.5,6.2109,15.0,15.0,4.0071,848,0.8182,0.1818,True
design_160,0.7812,5.7276,6.6406,2.2266,2.7344,6.9922,7.4219,15.0,3.6238,850,0.8452,0.1548,False
design_161,0.6641,5.3929,3.8672,1.0156,1.5234,5.7812,15.0,15.0,4.8515,895,0.838,0.162,False
design_162,0.3516,5.657,6.25,0.7812,2.3047,6.8359,15.0,15.0,3.9825,863,0.8476,0.1524,False
design_163,0.2734,2.9938,2.5781,0.8594,1.4062,4.0234,5.8594,15.0,2.1911,1633,0.8488,0.1512,False
design_164,0.5469,3.7687,3.6328,0.8984,1.25,5.5859,6.4453,15.0,2.8538,1299,0.8499,0.1501,False
design_165,0.9375,4.2866,2.9297,1.3281,2.2656,5.6641,8.3594,15.0,3.3305,1121,0.8343,0.1657,False
design_166,2.5391,5.7083,5.1953,3.125,4.1895,6.1719,7.0859,15.0,2.9286,814,0.8067,0.1933,True
design_167,1.0547,5.3954,4.2969,1.6406,2.5,4.8047,15.0,15.0,4.2838,892,0.8355,0.1645,False
design_168,1.4844,4.8445,3.5938,2.2656,2.7344,5.625,7.0312,15.0,3.4774,995,0.8369,0.1631,False
design_169,1.6016,6.2569,6.0938,1.9531,4.0137,6.4453,15.0,15.0,3.8383,744,0.8082,0.1918,True
design_170,1.4453,5.0379,3.2422,1.5547,1.7969,5.918,10.8594,15.0,4.1732,879,0.7688,0.2312,False
design_171,1.3281,6.1597,6.1719,1.9531,3.2031,6.5234,15.0,15.0,3.8508,771,0.8245,0.1755,False
design_172,0.6641,3.9335,3.75,1.1719,1.4844,5.0,6.7188,15.0,3.0665,1224,0.8359,0.1641,False
design_173,2.2266,5.5676,4.9609,2.6562,3.8281,5.5859,7.9688,15.0,3.2571,837,0.809,0.191,True
design_174,2.4609,5.1998,3.9062,2.7344,2.8516,5.0,15.0,15.0,3.8922,845,0.7628,0.2372,True
design_175,0.3906,3.5749,3.5156,0.8984,1.7969,5.3516,5.7422,15.0,2.2566,1369,0.8497,0.1503,False
design_176,0.7422,5.2492,4.7656,1.0938,4.2969,4.9609,15.0,15.0,3.6571,925,0.843,0.157,False
design_177,1.2109,3.4729,3.0469,1.4844,1.875,4.0625,5.5469,15.0,2.4256,1315,0.7929,0.2071,False
design_178,0.7812,5.6326,5.7031,1.5625,2.3438,6.5234,15.0,15.0,4.1876,857,0.838,0.162,False
design_179,1.6797,4.8092,4.375,2.1094,2.5391,6.5234,7.9609,15.0,2.4226,958,0.7999,0.2001,True
design_180,0.9375,4.626,3.0469,1.7578,2.3047,5.5859,8.125,15.0,3.7371,1041,0.836,0.164,False
design_181,2.6562,5.4006,4.9609,3.4375,4.2188,5.1172,7.4727,15.0,2.6548,798,0.7482,0.2518,True
design_182,2.0703,6.4949,3.4375,2.5391,2.8516,8.6719,15.0,15.0,4.7605,691,0.7792,0.2208,True
design_183,1.4844,4.0152,3.0078,1.6016,1.7578,4.707,8.5156,15.0,3.4381,1135,0.7912,0.2088,False
design_184,1.9922,5.1249,4.9609,2.3438,2.7734,6.2109,6.3828,15.0,3.0603,897,0.7981,0.2019,True
design_185,2.0312,4.8499,5.2734,2.3438,3.8672,6.0938,6.4453,6.7969,1.44,957,0.8058,0.1942,True
design_186,1.0156,4.4679,2.9688,1.4062,1.7188,6.9531,7.1875,15.0,3.6746,1069,0.8292,0.1708,False
design_187,0.8594,5.5028,5.5469,1.4844,2.3047,6.7578,15.0,15.0,3.8717,883,0.8436,0.1564,False
design_188,1.4062,3.9448,3.2422,2.2656,2.5391,4.1016,5.9375,15.0,2.7318,1165,0.7979,0.2021,False
design_189,1.9141,5.5614,3.7891,2.4219,2.9688,5.7031,15.0,15.0,4.2058,837,0.8081,0.1919,True
design_190,1.4453,5.2825,3.1836,1.5234,1.9922,5.3418,15.0,15.0,4.675,914,0.8382,0.1618,False
design_191,0.4297,5.3324,5.4688,1.2891,1.7188,6.4844,15.0,15.0,3.9151,916,0.848,0.152,False
design_192,0.8984,3.6562,2.7344,1.3672,2.0801,5.0,5.8984,15.0,2.6843,1322,0.8391,0.1609,False
design_193,1.3281,4.3372,3.1641,1.7969,2.6172,5.2734,6.4844,15.0,3.0807,1037,0.7808,0.2192,False
design_194,1.3281,4.5969,3.1641,1.6797,2.7344,4.7461,11.3281,15.0,3.6916,1030,0.822,0.178,False
design_195,2.5781,5.0856,3.9453,3.0859,3.7109,4.6875,6.9141,15.0,3.273,860,0.7593,0.2407,True
design_196,0.5469,5.4213,4.2578,0.7812,1.4453,8.4375,15.0,15.0,4.6375,894,0.8414,0.1586,False
design_197,1.6797,5.2225,4.0039,2.2656,2.8906,5.2734,15.0,15.0,3.8465,900,0.816,0.184,True
design_198,2.2656,5.2489,4.6875,2.6562,3.2031,4.9609,15.0,15.0,3.6016,855,0.7791,0.2209,True
design_199,2.7344,5.3448,4.2969,2.8125,3.0469,6.2109,8.125,15.0,3.4048,721,0.669,0.331,True
design_200,1.1328,4.7937,3.2422,1.4062,1.9922,5.7031,12.4219,15.0,4.0673,969,0.8064,0.1936,False
